{"\u9ec4\u94a6": 0.4550469717875165, "\u77e5\u8bc6\u4ea7\u6743   \u5218\u827a": 0.043585249052066954, "\u5f20\u4f1f": 0.34147883401166246, "\u6f58\u6770": 0.9761904761904762, "\u989c\u5c0f\u5cf0": 0.8823529411764705, "\u9093\u52c7": 0.9516246547948463, "\u9648\u519b\u9633": 0.3411616355245902, "\u718a\u946b": 0.9542992697746697, "\u6027\u60c5\u4e2d\u4eba": 0.7812573347072759, "\u5e7f\u67d1": 0.995505101454655, "\u5510\u534e\u6587": 0.6790121828075595, "\u5510\u534e\u52c7": 0.4543799512403879, "\u718a\u5dcd\u65ed": 0.2039500625145203, "\u80e1\u5b9a\u5065\uff5e\u7b11\u5bf9\u4eba\u751f": 0.9243699098735972, "\u738b\u51ac\u4e1c": 0.9996747790367746, "\u76d2\u996d": 0.04904981113731788, "\u7aa6\u9f99": 0.9881717296857351, "\u6bb5\u5c0f\u9e4f": 0.9444444444444444, "\u5218\u6ce2": 0.5262327818078083, "\u738b\u6c38\u6587": 0.20117056810450196, "\u9093\u4f20\u5065": 0.8251280571715413, "\u5362\u6587\u5174": 0.9596200571177934, "\u738b\u4ed5\u521a": 0.9995815513186731, "\u738b\u6653\u4e1c": 0.9435258963240092, "\u6b66\u6d77": 0.5216781879107381, "\u51b5\u5b8f": 0.421874597530976, "\u5468\u777f\u745e": 0.9773389477495135, "\u738b\u98de": 0.950320078416651, "\u738b\u65cb": 0.9898091863806722, "\u674e\u51e4\u83b2": 0.9991284445499878, "\u4e8e\u90fd\u6797": 0.8707825238326313, "\u8096\u6587\u6743": 0.3428589109909048, "\u7a0b\u65b9\u521a": 0.26258671565360747, "\u5218\u6d0b": 0.5, "\u5f20\u9752\u677e": 0.5262327818078083, "\u90b9\u6587\u5b87": 0.6918977357131258, "\u9648\u660a": 0.5809735507137126, "\u4f55\u8fdb": 0.4937352865338275, "\u675c\u6052": 0.9777272102903185, "\u505a\u4eba\u8981\u4f4e\u8c03": 0.12083562705237627, "\u5f20\u8ff0\u4f1f": 0.951107296068087, "\u4f55\u5a1f": 0.3496525631317067, "\u9a6c\u5fb7\u6c5f": 0.6558628208940429, "\u738b\u8fdc\u94a6": 0.6222859620662331, "\u5510\u6587": 0.1352556296076094, "\u8fbe\u74e6\u57f9\u695a": 0.7716230370775881, "\u4e03\u6797\u57f9\u695a": 0.5559632459764853, "\u5b5f\u98de": 0.2273483163388631, "\u8d75\u9f99": 0.9998848015609938, "\u5218\u709c": 0.7195380322124083, "\u674e\u62d3\u5f84": 0.07242907416811906, "\u66fe\u6ed4": 0.9671134190936627, "\u77bf\u59dd\u5b81": 0.2784174005786142, "\u738b\u8d85": 0.8911187763108749, "\u8fbe\u74e6\u624e\u5df4": 0.5, "\u6768\u91d1\u9f99": 0.8732714477939717, "\u6c34\u4e0a\u6f02": 0.5, "\u80e1\u4fca": 0.992938545298109, "\u714a\u714a\u5988\u5988": 0.9857903854107759, "\u8881\u9f99": 0.13949471482418563, "\u5c0f\u9a6c": 0.44665342999661706, "\u738b\u5c0f\u868a": 0.9998458598494733, "\u6768\u5b87": 0.4737672181921908, "\u5411\u5149\u534e": 0.8842713507860791, "\u59dc\u4f1f\u4f1f": 0.5, "\u4ee3\u5c0f\u84c9": 0.004606441480011436, "\u9648\u777f\u9e9f": 0.16666666666666674, "\u674e\u5174": 0.9480778407548629, "\u9ea6\u515c-\u5c0f\u5deb\u5e08": 0.9415559448951868, "\u674e\u541b": 0.43709074511733514, "\u5f20\u519b": 0.4446102087790501, "\u66f9\u96e8\u9732": 0.9429562993612106, "\u5f20\u535a": 0.5, "\u71d5": 0.04764925626962924, "\u5434\u6c49\u97ec": 0.9892168770898189, "\u6768\u665f\u9e9f": 0.12497195710431419, "\u738b\u534e\u5f3a": 0.31469921568721015, "\u9ec4\u677e\u677e": 0.6279847638171994, "\u5c0f\u67d2": 0.982626461245919, "\u9756\u9e4f": 0.9909177409194138, "ever": 0.2576855722135609, "\u773a": 0.6776358832770693, "\u90d1\u5173\u6b23": 0.9924360651825995, "\u8881\u4f73": 0.644804045598184, "\u6768\u5c0f\u6500": 0.5, "\u68a6\u5453": 0.7579520437299566, "\u970d\u5c3c\u97e6\u5c14\u8463\u5fb7\u5229": 0.04425584573170338, "\u84c9\u6d31": 0.859594126934967, "\u738b\u9aa5": 0.6740771324370479, "\u79e6\u5929": 0.9426486165115713, "\u5f20\u6c38\u8d85": 0.6423464723312012, "\u9752\u96d9": 0.44314725707488845, "\u4ed8\u8302\u81e3": 0.9989382581102028, "\u738b\u6625\u71d5": 0.5774171857342958, "\u6797\u5947": 0.8333333333333333, "\u674e\u6811\u9f99": 0.8094398208928817, "\u5b8f\u5c1a\u7c9f\u80dc": 0.9025729447120134, "\u90ed\u5fd7\u6b22": 0.7763434481590256, "\u9648\u9f99\u4e34\u6ca7": 0.9629673957232263, "\u5ce6\u73ae\u73ae": 0.21495650436804237, "\u9648\u5c0f\u9e4f": 0.9988659559408827, "\u674e\u5c0f\u7ea2": 0.9767255738357219, "\u4e01\u6770": 0.33333333333333337, "\u9648\u94d6": 0.9070048313527679, "\u4faf\u65ed": 0.9943606087844827, "\u8d75\u6653\u9f99": 0.959827932601076, "\u5f6d\u4e91\u6770": 0.42282430999399223, "\u738b\u8f89": 0.7166666666666668, "\u674e\u96ea\u67ab": 0.5, "\u5411\u8d5b": 0.3208867767802691, "\u4f73\u59d0": 0.6918095868372024, "\u5434\u743c": 0.1904963468601456, "\u674e\u79c0\u82f1": 0.5262327818078083, "pencall": 0.1852784372932974, "\u4e8e\u6c38\u6d9b": 0.013228711273533755, "\u5f90\u79d1": 0.44767845850986676, "\u54fc\u54fc": 0.8297409455725334, "\u534a\u590f": 0.11799594845266448, "Federer": 0.9600585545021131, "\u590f\u827a\u94ed": 0.44767845850986676, "\u884c\u8005": 0.5884218478069433, "\u9ec4\u5c0f\u7f16": 0.890142453148024, "\u51b5\u71a0": 0.9459853171413517, "\u9ec4\u4e39": 0.06548781322553399, "\u7279\u5fae\u590f\u5fd7\u6c38": 0.5, "\u674e\u6d6a": 0.9849618092610248, "\u738b\u6f5c": 0.14107322118793242, "\u51cc\u6668": 0.5, "\u5510\u8587": 0.9485996782443629, "\u738b\u677e\u5c71": 0.12291117743916291, "\u4e91\u6de1\u98ce\u8f7b": 0.8919099532730203, "mizar": 0.9776704528106551, "\u5170\u4e3d\u84c9": 0.9704983719473906, "\u4e2d\u8fdc\u6d77\u8fd0\u7a0b\u9547": 0.5, "\u7f57\u8fd0\u98de": 0.981691157719225, "\u767d\u5148\u5e73": 0.5, "\u8d56\u773a": 0.5, "\u5510\u6ce2": 0.9912353290908453, "\u8212\u4e39": 0.8286994182373442, "\u7530\u79d1\u6c60": 0.2924525573510305, "Tachikoma\u7965": 0.5, "\u9ec4\u6d9b": 0.32300087499780517, "\u80e1\u7389\u519c": 0.9442714775134209, "\u6768\u8f89": 0.5875212430201505, "\u4f59\u4f69\u679a": 0.5, "\u6052\u4e30\u94f6\u884c\u5b98\u5370\u658c": 0.7003090821373709, "\u8baf\u8054\u667a\u4ed8 \u8c22\u9732": 0.6881525939087497, "\u5f20\u7ee7\u4f1f": 0.4268274305603924, "\u7279\u5fae\u9648\u6ce2": 0.9819408837928458, "\u845b\u68a6\u5f6c": 0.8820715414953046, "\u6bb5\u534e\u4eae": 0.7683036335358094, "\u9a6c\u6797": 0.8319084948893781, "\u6731\u8273\u96ef": 0.421874597530976, "\u9633\u5657\u5657": 0.901913965411371, "\u9646\u94f6\u82b1": 0.9680028338765617, "\u8302\u8302": 0.5, "\u7530\u599e\u513f": 0.9315104661379925, "\u8c08\u534e\u5dcd  18002328507": 0.4766037600097556, "\u5c48\u660a": 0.8054594634321707, "\u8bb8\u5ddd": 0.7448272725775986, "\u5353\u4ec1\u524d": 0.9979305914065587, "\u9ec4\u660e": 0.5, "\u80e1\u797a": 0.7856787488754496, "\u66f2\u827a": 0.7762434444270707, "\u4e25\u4e1c\u4e1c": 0.989847996157062, "\u5de5\u884c\u4faf\u5efa\u4f1f": 0.915219776678732, "\u51b7\u6d01": 0.9527090105593078, "\u7530\u529b": 0.2392358127427705, "\u9648\u5c11\u806a": 0.8913180496104018, "\u6052\u4e30\u94f6\u884c\u5f20\u5408": 0.9382452352084035, "\u5f20\u5c79\u817eworktile": 0.8572762643993797, "\u5f20\u5dcd": 0.9876997950778414, "\u6d69\u54e5": 0.21245739816554432, "\ud83d\udc95\u8d75\u5bb4\ud83d\udc95\u4e2d\u56fd\ud83c\udde8\ud83c\uddf3\u4eba\u5bff": 0.38151098692624763, "\u9a6c\u5f6c": 0.5262327818078083, "\u9ec4\u5982\u6052": 0.9274111441398337, "\u679c\u80d6\u5a03\u513f": 0.7280131706957762, "\u7f57\u5fd7\u5f3a": 0.9798843934970964, "\u9648\u6c34\u6c34": 0.4581405902811243, "\u7f8a\u62d6\u62d6": 0.9610728650087806, "\u9ec4\u6c38\u8bda": 0.7848834423144085, "\u73b0\u5b9e\u72e0\u5047": 0.996156459900372, "\u674e\u51e4\u971e": 0.8214599940661541, "\u9648\u4f73": 0.7280131706957762, "\u8096\u7956\u826f": 0.36790189542206986, "\u6768\u9707": 0.5157884790414857, "\u674e\u8363": 0.9068243498108763, "\u8c2d\u6ce2": 0.6694951640820719, "\u674e\u4f69": 0.8699094148977446, "\u9a6c\u5b66\u6b66\u624b\u6293\u7f8e\u98df 13299800933": 0.038269311881334644, "\u5f20\u6d9b": 0.31469921568721015, "shawna \ud83c\udf40": 0.37165162461671686, "\u5f20\u5b87\u900d": 0.9805160295595133, "\u6f06\u52c7": 0.5705114128493413, "\u5b8b\u9704\u901a": 0.7000292480661999, "\u805a\u79be\u5bcc\u6f58\u745e\u5ce5": 0.5, "\u9648\u6620": 0.875, "\u6843\u5b5014131": 0.021293202655809584, "\u9ec4\u5de7": 0.8513609658468803, "Allen": 0.6279847638172001,